variety,variety_code,color_r,color_g,color_b,hue,saturation,value_hsv,days_to_maturity,maturity_score,stage
Siling Haba,0,78,146,30,118.2,182.6,168.0,73.0,0.1867,immature_green
Siling Haba,0,98,133,44,106.5,136.9,136.0,73.0,0.2446,immature_green
Siling Haba,0,94,154,27,116.4,151.4,162.8,74.0,0.2538,immature_green
Siling Haba,0,57,147,57,113.7,207.2,144.6,72.0,0.1537,immature_green
Siling Haba,0,63,143,36,95.9,150.8,164.5,68.0,0.1626,immature_green
Siling Haba,0,72,175,21,115.3,188.7,186.5,72.0,0.1443,immature_green
Siling Haba,0,84,156,19,65.3,181.8,223.4,70.0,0.0,immature_green
Siling Haba,0,91,156,34,71.8,153.9,110.5,73.0,0.2748,immature_green
Siling Haba,0,74,139,27,62.7,255.0,230.0,75.0,0.189,immature_green
Siling Haba,0,84,184,37,79.5,205.4,81.9,73.0,0.2591,immature_green
Siling Haba,0,74,163,34,83.3,99.0,153.9,72.0,0.0,immature_green
Siling Haba,0,108,137,29,76.3,187.5,183.5,68.0,0.2836,immature_green
Siling Haba,0,89,165,21,109.7,153.5,171.2,73.0,0.2716,immature_green
Siling Haba,0,77,147,14,81.4,214.1,135.1,71.0,0.0,immature_green
Siling Haba,0,69,177,25,76.9,148.3,151.7,70.0,0.0,immature_green
Siling Haba,0,82,199,38,92.6,175.4,140.3,67.0,0.0,immature_green
Siling Haba,0,63,136,32,68.5,200.2,136.4,63.0,0.0599,immature_green
Siling Haba,0,78,164,17,108.1,214.6,194.0,72.0,0.1742,immature_green
Siling Haba,0,73,168,31,64.5,132.0,174.3,66.0,0.1981,immature_green
Siling Haba,0,51,184,33,119.2,166.6,132.3,74.0,0.0773,immature_green
Siling Haba,0,91,132,21,106.3,161.0,196.0,73.0,0.2507,immature_green
Siling Haba,0,70,148,31,71.9,153.9,172.3,71.0,0.0,immature_green
Siling Haba,0,73,179,30,60.3,250.6,192.5,70.0,0.0,immature_green
Siling Haba,0,72,172,18,108.9,196.2,185.2,74.0,0.0883,immature_green
Siling Haba,0,59,167,33,102.4,129.6,126.8,68.0,0.1371,immature_green
Siling Haba,0,89,157,35,103.7,216.7,137.6,71.0,0.1943,immature_green
Siling Haba,0,63,158,40,106.3,255.0,189.9,71.0,0.0,immature_green
Siling Haba,0,71,165,40,64.4,221.3,184.4,78.0,0.1232,immature_green
Siling Haba,0,84,163,16,81.5,119.2,159.2,77.0,0.0698,immature_green
Siling Haba,0,68,163,20,67.0,160.6,164.7,72.0,0.0518,immature_green
Siling Haba,0,115,194,35,111.8,230.7,211.1,67.0,0.1739,immature_green
Siling Haba,0,70,183,35,97.4,151.7,136.3,70.0,0.0,immature_green
Siling Haba,0,66,153,35,79.9,197.8,181.9,73.0,0.0,immature_green
Siling Haba,0,101,157,68,63.8,211.0,151.9,74.0,0.1737,immature_green
Siling Haba,0,74,124,35,78.7,142.9,151.3,67.0,0.2376,immature_green
Siling Haba,0,95,165,41,79.5,177.6,204.0,73.0,0.2594,immature_green
Siling Haba,0,74,191,39,103.8,80.0,193.0,68.0,0.017,immature_green
Siling Haba,0,101,159,36,98.3,139.0,192.5,71.0,0.0547,immature_green
Siling Haba,0,87,173,26,113.2,169.9,212.2,66.0,0.1392,immature_green
Siling Haba,0,84,171,37,88.3,130.1,160.8,72.0,0.0625,immature_green
Siling Haba,0,64,191,22,67.2,245.3,187.3,65.0,0.0241,immature_green
Siling Haba,0,64,199,27,102.8,122.8,147.6,68.0,0.0617,immature_green
Siling Haba,0,78,173,25,105.6,162.4,173.0,68.0,0.0,immature_green
Siling Haba,0,112,130,30,93.7,185.2,154.8,73.0,0.1555,immature_green
Siling Haba,0,83,152,53,106.3,237.7,163.9,74.0,0.1826,immature_green
Siling Haba,0,76,138,11,89.6,122.6,183.8,69.0,0.1677,immature_green
Siling Haba,0,95,166,36,91.4,226.5,127.3,72.0,0.0359,immature_green
Siling Haba,0,62,167,13,85.7,180.4,230.0,73.0,0.1429,immature_green
Siling Haba,0,93,165,25,61.5,140.7,119.8,70.0,0.1299,immature_green
Siling Haba,0,101,189,40,66.5,198.5,111.4,72.0,0.033,immature_green
Siling Haba,0,146,103,27,37.5,217.0,135.5,85.0,0.4866,developing
Siling Haba,0,129,121,36,41.4,172.6,103.7,80.0,0.4155,developing
Siling Haba,0,114,150,48,36.9,159.1,123.1,80.0,0.3316,developing
Siling Haba,0,112,116,41,65.9,222.0,105.9,81.0,0.3689,developing
Siling Haba,0,139,145,27,33.2,151.8,121.0,75.0,0.3918,developing
Siling Haba,0,130,151,18,51.0,123.7,202.1,81.0,0.4016,developing
Siling Haba,0,137,127,55,46.4,117.7,122.0,75.0,0.4686,developing
Siling Haba,0,115,166,30,69.3,204.2,230.0,77.0,0.4124,developing
Siling Haba,0,118,109,30,34.5,128.8,179.7,76.0,0.4486,developing
Siling Haba,0,132,89,29,45.9,250.2,167.4,82.0,0.4758,developing
Siling Haba,0,112,105,31,68.8,96.7,125.7,78.0,0.2491,developing
Siling Haba,0,110,162,28,64.6,247.9,188.0,86.0,0.3219,developing
Siling Haba,0,141,128,24,62.7,188.4,137.0,74.0,0.5007,developing
Siling Haba,0,176,107,24,40.3,176.1,164.9,76.0,0.4248,developing
Siling Haba,0,141,128,29,36.8,158.2,230.0,78.0,0.4,developing
Siling Haba,0,124,100,24,56.7,196.0,156.2,80.0,0.3594,developing
Siling Haba,0,127,187,22,67.2,178.5,206.0,76.0,0.2785,developing
Siling Haba,0,119,128,31,52.3,224.1,131.9,82.0,0.4386,developing
Siling Haba,0,98,124,27,52.9,184.6,158.6,85.0,0.3946,developing
Siling Haba,0,100,147,45,41.2,186.0,230.0,79.0,0.3134,developing
Siling Haba,0,89,142,5,60.8,165.5,134.9,75.0,0.2357,developing
Siling Haba,0,116,132,40,37.5,177.7,230.0,76.0,0.3891,developing
Siling Haba,0,106,125,42,42.9,192.3,188.3,81.0,0.2937,developing
Siling Haba,0,144,139,9,47.0,111.6,137.5,76.0,0.4603,developing
Siling Haba,0,119,172,26,50.3,126.1,185.3,82.0,0.2844,developing
Siling Haba,0,116,157,26,39.7,209.7,198.9,76.0,0.345,developing
Siling Haba,0,122,169,15,34.6,186.8,184.9,86.0,0.2949,developing
Siling Haba,0,111,98,22,54.4,172.6,97.2,85.0,0.5673,developing
Siling Haba,0,135,100,18,41.5,180.7,130.9,82.0,0.3927,developing
Siling Haba,0,147,114,47,53.2,193.9,150.1,77.0,0.4365,developing
Siling Haba,0,118,114,39,36.2,158.4,157.0,82.0,0.4838,developing
Siling Haba,0,144,145,42,49.2,148.9,184.8,79.0,0.3858,developing
Siling Haba,0,113,105,37,51.3,187.8,167.1,80.0,0.2449,developing
Siling Haba,0,122,152,18,32.1,140.9,106.6,84.0,0.3959,developing
Siling Haba,0,140,117,24,43.5,196.3,175.2,82.0,0.4611,developing
Siling Haba,0,172,106,34,35.4,111.9,184.4,81.0,0.3748,developing
Siling Haba,0,127,106,17,32.5,221.2,182.4,78.0,0.3659,developing
Siling Haba,0,114,104,37,69.6,198.9,203.2,77.0,0.2399,developing
Siling Haba,0,110,148,27,42.9,190.2,193.4,78.0,0.3926,developing
Siling Haba,0,108,130,26,62.4,219.3,178.4,84.0,0.2494,developing
Siling Haba,0,146,92,37,40.2,246.6,157.2,76.0,0.3779,developing
Siling Haba,0,117,95,34,57.3,220.6,93.6,76.0,0.4153,developing
Siling Haba,0,122,122,26,60.4,106.4,177.2,78.0,0.433,developing
Siling Haba,0,142,138,41,53.8,128.8,168.3,80.0,0.4927,developing
Siling Haba,0,139,114,19,48.9,155.0,170.9,82.0,0.3681,developing
Siling Haba,0,120,103,36,46.5,181.0,108.9,76.0,0.4222,developing
Siling Haba,0,125,133,35,44.0,200.7,116.8,74.0,0.1886,developing
Siling Haba,0,104,131,26,67.2,151.0,202.1,77.0,0.1563,developing
Siling Haba,0,112,79,33,63.2,187.5,158.4,84.0,0.3379,developing
Siling Haba,0,97,135,17,68.6,149.8,187.3,82.0,0.26,developing
Siling Haba,0,224,91,38,5.3,124.4,131.3,83.0,0.6726,mature
Siling Haba,0,153,58,34,7.2,114.2,195.8,91.0,0.4692,mature
Siling Haba,0,181,93,31,16.8,220.9,148.2,84.0,0.5613,mature
Siling Haba,0,195,46,33,19.4,255.0,209.9,86.0,0.7837,mature
Siling Haba,0,181,44,54,23.0,235.4,133.1,85.0,0.6945,mature
Siling Haba,0,159,113,29,13.7,202.6,171.2,85.0,0.4402,mature
Siling Haba,0,205,45,32,25.8,203.8,126.6,89.0,0.8,mature
Siling Haba,0,165,103,40,30.8,214.1,230.0,86.0,0.5764,mature
Siling Haba,0,185,81,41,28.4,210.4,112.5,90.0,0.5626,mature
Siling Haba,0,200,65,41,6.2,191.2,172.4,90.0,0.8413,mature
Siling Haba,0,176,84,36,19.4,184.2,185.4,90.0,0.646,mature
Siling Haba,0,222,45,18,8.1,177.5,176.6,87.0,0.7582,mature
Siling Haba,0,200,104,46,12.3,149.8,152.6,89.0,0.6463,mature
Siling Haba,0,173,80,18,34.6,168.8,154.8,85.0,0.5376,mature
Siling Haba,0,212,22,33,9.3,112.3,161.8,91.0,0.9162,mature
Siling Haba,0,177,74,22,20.0,176.1,154.1,88.0,0.6338,mature
Siling Haba,0,215,88,29,23.5,140.5,198.6,85.0,0.8113,mature
Siling Haba,0,149,109,33,26.1,135.9,230.0,89.0,0.5245,mature
Siling Haba,0,159,86,33,21.8,187.2,137.7,86.0,0.548,mature
Siling Haba,0,126,96,34,5.3,235.7,105.2,88.0,0.4578,mature
Siling Haba,0,197,64,46,14.8,216.7,156.5,84.0,0.7177,mature
Siling Haba,0,182,127,34,20.5,117.2,230.0,90.0,0.7317,mature
Siling Haba,0,197,67,27,7.6,140.4,127.9,84.0,0.7202,mature
Siling Haba,0,203,88,39,15.5,217.6,225.6,91.0,0.5688,mature
Siling Haba,0,192,74,41,6.0,140.7,227.1,89.0,0.9271,mature
Siling Haba,0,139,100,17,7.4,171.0,137.9,85.0,0.5524,mature
Siling Haba,0,208,54,35,16.9,202.0,182.8,81.0,0.7639,mature
Siling Haba,0,214,60,37,9.0,141.3,225.1,85.0,0.8342,mature
Siling Haba,0,223,63,27,22.0,184.2,144.8,83.0,0.7335,mature
Siling Haba,0,196,59,43,25.7,126.6,151.9,87.0,0.9052,mature
Siling Haba,0,214,79,28,29.0,155.9,136.7,87.0,0.807,mature
Siling Haba,0,188,73,31,11.0,192.8,119.4,93.0,0.6899,mature
Siling Haba,0,155,112,28,10.0,116.3,134.0,87.0,0.6754,mature
Siling Haba,0,165,101,30,8.1,197.6,111.0,88.0,0.475,mature
Siling Haba,0,217,58,19,24.1,179.2,161.4,86.0,0.8668,mature
Siling Haba,0,165,32,15,26.2,202.1,129.2,86.0,0.7338,mature
Siling Haba,0,222,81,45,5.9,189.0,169.4,87.0,0.8569,mature
Siling Haba,0,201,86,21,33.1,234.6,97.8,87.0,0.7622,mature
Siling Haba,0,148,118,20,6.6,185.0,173.2,90.0,0.543,mature
Siling Haba,0,163,40,8,21.2,162.8,193.3,87.0,0.4986,mature
Siling Haba,0,200,110,23,26.3,184.9,80.3,91.0,0.7675,mature
Siling Haba,0,181,79,16,31.1,201.7,175.0,90.0,0.6099,mature
Siling Haba,0,154,116,46,26.4,182.0,209.1,86.0,0.691,mature
Siling Haba,0,170,58,40,29.1,181.6,111.6,93.0,0.6803,mature
Siling Haba,0,153,113,23,15.2,151.9,226.9,86.0,0.5006,mature
Siling Haba,0,204,53,52,29.4,153.5,176.8,87.0,0.7148,mature
Siling Haba,0,175,78,39,7.4,123.9,131.8,81.0,0.5133,mature
Siling Haba,0,194,101,26,31.8,250.0,157.8,92.0,0.7208,mature
Siling Haba,0,181,84,5,21.4,130.2,182.3,87.0,0.6807,mature
Siling Haba,0,135,85,52,29.5,152.3,163.0,89.0,0.6199,mature
Siling Haba,0,229,75,13,11.3,162.1,208.7,100.0,0.9202,overripe
Siling Haba,0,224,79,41,6.9,231.2,220.9,95.0,0.8866,overripe
Siling Haba,0,204,38,22,12.6,182.7,199.9,98.0,0.9728,overripe
Siling Haba,0,209,27,21,10.9,214.1,142.7,89.0,0.9186,overripe
Siling Haba,0,241,40,32,11.6,199.4,176.1,96.0,0.9329,overripe
Siling Haba,0,228,0,41,9.8,146.1,159.0,94.0,0.9112,overripe
Siling Haba,0,246,52,19,2.7,154.3,123.9,96.0,0.7606,overripe
Siling Haba,0,207,49,30,8.2,221.2,173.0,93.0,0.81,overripe
Siling Haba,0,218,41,34,14.8,166.6,112.8,91.0,0.8497,overripe
Siling Haba,0,253,0,36,14.1,163.9,207.5,96.0,0.9359,overripe
Siling Haba,0,199,56,31,0.6,141.8,141.4,93.0,0.8864,overripe
Siling Haba,0,207,24,26,2.5,196.9,168.0,99.0,0.97,overripe
Siling Haba,0,206,15,21,2.0,255.0,171.3,92.0,0.9302,overripe
Siling Haba,0,242,0,30,10.9,137.3,149.6,94.0,0.8683,overripe
Siling Haba,0,210,47,19,12.3,181.0,183.5,95.0,0.891,overripe
Siling Haba,0,254,85,5,3.2,236.5,141.0,89.0,0.8947,overripe
Siling Haba,0,221,71,34,7.6,176.8,194.9,97.0,0.8768,overripe
Siling Haba,0,236,25,39,12.6,198.1,106.2,98.0,1.0,overripe
Siling Haba,0,253,25,6,11.0,137.5,165.1,95.0,0.9407,overripe
Siling Haba,0,255,49,19,8.1,197.1,230.0,94.0,0.9307,overripe
Siling Haba,0,245,31,36,8.9,172.5,120.0,95.0,0.8988,overripe
Siling Haba,0,255,36,50,7.6,219.4,132.9,92.0,1.0,overripe
Siling Haba,0,249,49,30,4.5,227.5,180.6,89.0,1.0,overripe
Siling Haba,0,229,70,22,8.5,255.0,167.2,94.0,0.9112,overripe
Siling Haba,0,251,28,28,10.3,203.2,174.0,98.0,0.9602,overripe
Siling Haba,0,220,34,43,13.1,193.0,179.6,88.0,0.962,overripe
Siling Haba,0,216,21,23,9.5,187.8,185.4,95.0,0.8687,overripe
Siling Haba,0,233,19,22,11.4,165.9,204.4,97.0,0.9687,overripe
Siling Haba,0,232,29,25,2.4,193.5,176.4,98.0,0.9698,overripe
Siling Haba,0,223,45,20,6.9,168.2,150.3,98.0,0.936,overripe
Siling Haba,0,226,67,31,0.1,186.7,186.9,88.0,0.8615,overripe
Siling Haba,0,236,28,46,3.7,232.7,230.0,98.0,0.7878,overripe
Siling Haba,0,239,61,33,10.9,139.7,154.7,95.0,0.9563,overripe
Siling Haba,0,241,42,27,14.9,225.6,121.0,93.0,0.8893,overripe
Siling Haba,0,205,43,27,1.5,232.7,204.3,92.0,0.9154,overripe
Siling Haba,0,221,27,14,6.0,175.3,155.2,97.0,0.8532,overripe
Siling Haba,0,214,0,38,12.0,95.1,80.0,96.0,0.9919,overripe
Siling Haba,0,201,56,29,3.1,155.7,193.9,96.0,0.89,overripe
Siling Haba,0,237,46,28,8.3,231.9,138.6,100.0,1.0,overripe
Siling Haba,0,217,41,61,11.0,179.1,156.4,96.0,0.9117,overripe
Siling Haba,0,238,51,32,9.2,140.0,173.3,99.0,0.8295,overripe
Siling Haba,0,227,58,22,2.8,159.8,167.6,94.0,0.9861,overripe
Siling Haba,0,221,1,25,5.3,213.6,188.4,92.0,0.9114,overripe
Siling Haba,0,255,27,41,11.8,201.9,142.6,91.0,1.0,overripe
Siling Haba,0,239,61,31,8.3,170.4,180.5,94.0,0.9529,overripe
Siling Haba,0,243,9,15,0.1,165.3,149.6,93.0,0.9322,overripe
Siling Haba,0,232,38,39,11.4,164.3,189.6,99.0,1.0,overripe
Siling Haba,0,221,6,23,0.5,143.1,184.6,96.0,0.962,overripe
Siling Haba,0,232,41,48,11.2,244.6,122.6,93.0,1.0,overripe
Siling Haba,0,236,46,40,3.0,167.1,203.4,98.0,0.9035,overripe
Siling Labuyo,1,106,145,30,119.0,230.1,134.0,63.0,0.3008,immature_green
Siling Labuyo,1,78,146,29,77.3,177.8,161.0,64.0,0.0489,immature_green
Siling Labuyo,1,91,164,26,117.7,163.4,186.4,64.0,0.0519,immature_green
Siling Labuyo,1,85,143,31,83.4,234.5,132.5,68.0,0.1733,immature_green
Siling Labuyo,1,50,152,38,83.1,221.3,183.8,67.0,0.1398,immature_green
Siling Labuyo,1,105,154,21,80.4,182.9,240.0,65.0,0.1352,immature_green
Siling Labuyo,1,78,137,23,92.5,183.9,190.7,63.0,0.1405,immature_green
Siling Labuyo,1,81,148,26,69.2,243.8,198.1,69.0,0.2574,immature_green
Siling Labuyo,1,67,128,16,93.2,174.3,145.9,66.0,0.198,immature_green
Siling Labuyo,1,88,178,21,92.5,255.0,168.4,63.0,0.1004,immature_green
Siling Labuyo,1,47,163,25,105.7,183.0,176.9,68.0,0.1128,immature_green
Siling Labuyo,1,113,158,38,110.0,229.2,178.9,62.0,0.0,immature_green
Siling Labuyo,1,115,159,32,86.4,200.1,234.9,65.0,0.1727,immature_green
Siling Labuyo,1,78,185,31,78.1,228.1,209.5,65.0,0.1178,immature_green
Siling Labuyo,1,66,142,38,75.6,193.7,151.1,63.0,0.0637,immature_green
Siling Labuyo,1,65,163,28,71.7,205.1,198.6,59.0,0.0905,immature_green
Siling Labuyo,1,96,140,33,63.5,211.2,207.4,64.0,0.2005,immature_green
Siling Labuyo,1,98,137,28,80.5,179.9,229.9,68.0,0.069,immature_green
Siling Labuyo,1,83,183,32,76.2,232.2,240.0,64.0,0.1483,immature_green
Siling Labuyo,1,64,173,24,118.0,194.6,154.5,64.0,0.0,immature_green
Siling Labuyo,1,75,159,5,93.5,203.1,161.6,58.0,0.0794,immature_green
Siling Labuyo,1,71,128,28,80.8,180.2,146.0,63.0,0.0928,immature_green
Siling Labuyo,1,87,167,44,94.8,133.1,181.8,64.0,0.289,immature_green
Siling Labuyo,1,104,132,39,68.4,204.3,206.3,63.0,0.338,immature_green
Siling Labuyo,1,85,167,39,86.6,255.0,224.6,67.0,0.1276,immature_green
Siling Labuyo,1,25,177,42,97.6,233.5,187.3,61.0,0.0435,immature_green
Siling Labuyo,1,114,170,30,89.3,209.4,178.8,58.0,0.2791,immature_green
Siling Labuyo,1,83,136,31,84.1,202.1,195.3,67.0,0.1668,immature_green
Siling Labuyo,1,90,93,23,119.6,210.7,160.8,66.0,0.1528,immature_green
Siling Labuyo,1,60,178,26,112.8,226.4,240.0,62.0,0.1429,immature_green
Siling Labuyo,1,98,197,36,97.4,174.6,133.7,66.0,0.1352,immature_green
Siling Labuyo,1,75,203,42,94.2,243.4,196.5,59.0,0.0367,immature_green
Siling Labuyo,1,71,165,28,97.2,231.5,240.0,65.0,0.1663,immature_green
Siling Labuyo,1,109,134,25,72.1,231.5,190.2,68.0,0.2663,immature_green
Siling Labuyo,1,62,181,30,83.7,223.2,183.3,58.0,0.1464,immature_green
Siling Labuyo,1,41,159,36,62.4,210.6,177.5,63.0,0.0,immature_green
Siling Labuyo,1,51,188,15,88.5,230.2,183.7,62.0,0.0,immature_green
Siling Labuyo,1,90,175,7,92.6,227.8,238.0,67.0,0.031,immature_green
Siling Labuyo,1,81,195,24,73.7,199.4,112.6,68.0,0.0664,immature_green
Siling Labuyo,1,68,234,17,117.8,192.8,240.0,60.0,0.0526,immature_green
Siling Labuyo,1,104,159,24,114.6,213.1,140.2,64.0,0.2165,immature_green
Siling Labuyo,1,88,152,28,103.3,255.0,180.7,63.0,0.2151,immature_green
Siling Labuyo,1,63,168,25,92.0,172.8,175.0,61.0,0.072,immature_green
Siling Labuyo,1,106,110,44,112.2,166.0,210.6,64.0,0.2651,immature_green
Siling Labuyo,1,77,161,33,67.8,214.9,134.1,68.0,0.0,immature_green
Siling Labuyo,1,114,135,33,107.4,211.5,206.2,65.0,0.2158,immature_green
Siling Labuyo,1,91,157,36,67.5,215.2,240.0,66.0,0.1202,immature_green
Siling Labuyo,1,110,149,18,107.7,217.3,142.3,64.0,0.273,immature_green
Siling Labuyo,1,92,140,40,76.5,203.3,196.6,63.0,0.1331,immature_green
Siling Labuyo,1,113,171,29,112.6,254.7,166.8,61.0,0.2024,immature_green
Siling Labuyo,1,151,95,30,67.8,180.1,164.3,70.0,0.5651,developing
Siling Labuyo,1,110,142,7,55.7,229.5,192.9,74.0,0.3472,developing
Siling Labuyo,1,142,129,27,56.9,235.8,206.0,77.0,0.398,developing
Siling Labuyo,1,128,101,21,55.3,203.0,240.0,75.0,0.4835,developing
Siling Labuyo,1,140,147,31,38.0,211.1,214.7,73.0,0.355,developing
Siling Labuyo,1,133,180,59,46.7,166.5,217.6,71.0,0.2816,developing
Siling Labuyo,1,133,100,33,60.0,201.0,192.9,68.0,0.4379,developing
Siling Labuyo,1,141,84,26,34.1,208.5,239.4,72.0,0.4088,developing
Siling Labuyo,1,106,128,39,41.1,255.0,204.3,69.0,0.3188,developing
Siling Labuyo,1,156,120,34,41.1,176.6,159.9,74.0,0.5291,developing
Siling Labuyo,1,115,135,34,47.3,253.9,239.1,66.0,0.3007,developing
Siling Labuyo,1,126,152,36,69.2,239.9,214.4,72.0,0.3279,developing
Siling Labuyo,1,154,88,50,32.7,218.4,174.5,69.0,0.4833,developing
Siling Labuyo,1,138,124,18,50.7,255.0,173.2,71.0,0.4278,developing
Siling Labuyo,1,121,123,34,37.2,221.2,200.4,70.0,0.31,developing
Siling Labuyo,1,125,146,20,68.8,221.7,206.2,67.0,0.4992,developing
Siling Labuyo,1,129,161,35,34.5,208.4,196.9,69.0,0.3862,developing
Siling Labuyo,1,120,112,20,46.1,246.7,200.9,74.0,0.3764,developing
Siling Labuyo,1,114,126,25,59.5,242.9,240.0,69.0,0.2519,developing
Siling Labuyo,1,138,127,27,58.2,191.2,227.5,74.0,0.4545,developing
Siling Labuyo,1,110,128,39,46.9,170.4,196.7,78.0,0.277,developing
Siling Labuyo,1,131,129,39,43.9,203.9,222.9,69.0,0.2827,developing
Siling Labuyo,1,111,132,17,45.9,186.0,153.9,72.0,0.3119,developing
Siling Labuyo,1,120,71,30,40.6,208.1,203.9,77.0,0.3749,developing
Siling Labuyo,1,161,116,22,38.2,247.1,240.0,77.0,0.3887,developing
Siling Labuyo,1,161,98,17,49.3,196.3,182.4,73.0,0.4321,developing
Siling Labuyo,1,96,123,27,40.7,208.7,160.3,71.0,0.2972,developing
Siling Labuyo,1,143,147,26,41.5,211.7,167.2,74.0,0.3917,developing
Siling Labuyo,1,123,95,54,56.3,235.5,151.9,66.0,0.3892,developing
Siling Labuyo,1,146,127,34,68.7,142.6,162.5,67.0,0.487,developing
Siling Labuyo,1,150,102,16,54.1,191.8,177.0,77.0,0.529,developing
Siling Labuyo,1,102,136,24,33.1,216.3,140.8,73.0,0.2141,developing
Siling Labuyo,1,123,133,40,33.0,246.0,190.5,74.0,0.3463,developing
Siling Labuyo,1,96,147,50,68.1,195.2,221.6,71.0,0.2004,developing
Siling Labuyo,1,115,133,14,41.9,153.7,158.2,77.0,0.358,developing
Siling Labuyo,1,105,151,11,33.7,228.6,240.0,73.0,0.3008,developing
Siling Labuyo,1,117,124,48,54.0,190.9,207.9,69.0,0.2805,developing
Siling Labuyo,1,110,117,33,54.9,174.3,226.1,68.0,0.2605,developing
Siling Labuyo,1,143,97,21,55.9,191.3,167.0,73.0,0.378,developing
Siling Labuyo,1,142,113,35,40.7,204.5,219.9,70.0,0.3444,developing
Siling Labuyo,1,129,174,5,30.6,191.9,151.8,68.0,0.4689,developing
Siling Labuyo,1,126,152,30,68.6,143.8,221.2,71.0,0.3177,developing
Siling Labuyo,1,115,112,33,40.0,236.9,196.0,73.0,0.2423,developing
Siling Labuyo,1,147,86,39,57.0,248.2,209.4,73.0,0.3903,developing
Siling Labuyo,1,118,141,19,58.3,229.5,148.9,65.0,0.3196,developing
Siling Labuyo,1,135,137,30,54.4,175.9,158.7,71.0,0.3073,developing
Siling Labuyo,1,143,127,20,42.5,204.0,210.9,70.0,0.4557,developing
Siling Labuyo,1,101,124,32,40.8,209.8,156.8,65.0,0.226,developing
Siling Labuyo,1,120,137,21,53.9,228.0,206.2,74.0,0.2426,developing
Siling Labuyo,1,135,135,25,64.6,230.1,142.2,71.0,0.3615,developing
Siling Labuyo,1,180,41,18,10.6,181.1,121.7,78.0,0.6782,mature
Siling Labuyo,1,187,70,54,13.4,203.8,195.0,82.0,0.5554,mature
Siling Labuyo,1,161,117,45,11.6,228.3,126.4,75.0,0.4862,mature
Siling Labuyo,1,157,62,36,10.5,214.7,216.6,78.0,0.8331,mature
Siling Labuyo,1,178,103,30,29.8,192.4,186.7,73.0,0.5189,mature
Siling Labuyo,1,183,75,27,13.6,216.7,204.7,80.0,0.6821,mature
Siling Labuyo,1,162,107,20,32.8,231.4,159.8,78.0,0.5892,mature
Siling Labuyo,1,237,57,30,34.1,148.5,234.8,82.0,0.5856,mature
Siling Labuyo,1,138,90,32,22.1,244.8,226.5,78.0,0.6183,mature
Siling Labuyo,1,227,2,17,9.3,199.9,210.4,80.0,0.8441,mature
Siling Labuyo,1,149,98,33,16.2,222.8,185.5,79.0,0.5207,mature
Siling Labuyo,1,180,50,28,28.9,245.9,210.3,82.0,0.8186,mature
Siling Labuyo,1,178,105,10,16.0,168.8,165.3,80.0,0.5603,mature
Siling Labuyo,1,189,82,21,7.6,188.7,219.9,76.0,0.8173,mature
Siling Labuyo,1,177,84,25,21.7,201.3,240.0,74.0,0.6906,mature
Siling Labuyo,1,196,100,48,30.4,186.5,227.5,77.0,0.7798,mature
Siling Labuyo,1,176,45,35,28.9,255.0,164.5,77.0,0.7984,mature
Siling Labuyo,1,215,94,16,10.3,184.3,202.6,72.0,0.7578,mature
Siling Labuyo,1,163,107,34,25.2,193.3,144.7,79.0,0.6236,mature
Siling Labuyo,1,166,72,14,11.6,216.1,210.0,76.0,0.5768,mature
Siling Labuyo,1,196,83,40,11.5,173.9,205.8,78.0,0.8302,mature
Siling Labuyo,1,231,30,25,31.2,198.1,124.6,78.0,0.8642,mature
Siling Labuyo,1,198,41,29,12.5,219.5,149.3,77.0,0.8497,mature
Siling Labuyo,1,178,73,43,12.9,200.0,180.1,80.0,0.6935,mature
Siling Labuyo,1,151,84,17,5.0,207.2,179.5,76.0,0.5904,mature
Siling Labuyo,1,192,58,16,31.1,194.1,147.7,74.0,0.6802,mature
Siling Labuyo,1,207,90,24,28.8,164.6,203.6,77.0,0.7067,mature
Siling Labuyo,1,208,73,40,23.8,219.6,198.8,82.0,0.6297,mature
Siling Labuyo,1,177,86,14,27.5,255.0,183.2,82.0,0.7403,mature
Siling Labuyo,1,212,49,5,9.6,210.6,163.5,76.0,0.8796,mature
Siling Labuyo,1,174,49,25,18.7,216.8,226.7,78.0,0.6122,mature
Siling Labuyo,1,223,65,35,15.5,230.8,240.0,74.0,0.8037,mature
Siling Labuyo,1,164,45,42,7.8,171.9,173.1,80.0,0.5881,mature
Siling Labuyo,1,181,86,25,19.6,255.0,168.6,80.0,0.6852,mature
Siling Labuyo,1,175,53,25,32.6,216.1,207.2,81.0,0.6988,mature
Siling Labuyo,1,197,104,41,6.2,255.0,177.5,78.0,0.8833,mature
Siling Labuyo,1,159,116,11,13.7,188.0,185.1,71.0,0.4914,mature
Siling Labuyo,1,166,96,26,11.2,255.0,215.9,76.0,0.5461,mature
Siling Labuyo,1,208,80,31,12.1,233.3,123.2,78.0,0.8469,mature
Siling Labuyo,1,164,78,34,32.3,226.6,236.1,77.0,0.6002,mature
Siling Labuyo,1,209,86,24,19.0,217.0,192.5,77.0,0.6858,mature
Siling Labuyo,1,201,78,30,19.0,202.5,175.6,78.0,0.6504,mature
Siling Labuyo,1,193,84,5,27.8,246.0,186.9,83.0,0.7243,mature
Siling Labuyo,1,183,96,23,9.6,214.2,188.7,82.0,0.7689,mature
Siling Labuyo,1,151,107,34,19.6,151.0,129.4,77.0,0.5255,mature
Siling Labuyo,1,199,81,20,17.9,176.5,240.0,74.0,0.7748,mature
Siling Labuyo,1,186,52,30,22.9,204.4,191.4,76.0,0.7005,mature
Siling Labuyo,1,213,51,34,35.0,219.3,205.5,79.0,0.7396,mature
Siling Labuyo,1,149,95,26,28.1,208.3,223.3,81.0,0.5542,mature
Siling Labuyo,1,182,76,31,16.9,246.6,154.3,80.0,0.7331,mature
Siling Labuyo,1,199,80,31,1.6,255.0,113.4,87.0,0.841,overripe
Siling Labuyo,1,194,33,40,8.8,157.6,231.8,82.0,0.7838,overripe
Siling Labuyo,1,217,29,31,8.2,223.0,223.5,88.0,0.9492,overripe
Siling Labuyo,1,252,41,16,3.5,224.3,191.8,87.0,0.779,overripe
Siling Labuyo,1,221,55,25,9.6,186.1,198.0,89.0,1.0,overripe
Siling Labuyo,1,226,47,31,12.3,222.7,227.6,86.0,0.8988,overripe
Siling Labuyo,1,225,21,25,0.6,248.4,197.9,86.0,1.0,overripe
Siling Labuyo,1,217,39,27,7.5,143.5,221.6,84.0,1.0,overripe
Siling Labuyo,1,220,33,29,10.3,225.1,179.6,86.0,0.8864,overripe
Siling Labuyo,1,197,48,29,3.8,135.2,235.9,87.0,0.8581,overripe
Siling Labuyo,1,239,57,30,4.6,181.0,201.2,88.0,0.9363,overripe
Siling Labuyo,1,255,38,19,9.2,255.0,196.8,85.0,1.0,overripe
Siling Labuyo,1,199,6,22,13.5,192.5,145.5,83.0,0.8183,overripe
Siling Labuyo,1,212,61,17,12.1,174.8,200.0,85.0,0.8226,overripe
Siling Labuyo,1,232,37,39,8.7,204.1,160.9,84.0,0.9437,overripe
Siling Labuyo,1,225,57,8,11.0,255.0,167.7,86.0,1.0,overripe
Siling Labuyo,1,236,48,41,5.5,155.0,161.5,87.0,0.9672,overripe
Siling Labuyo,1,224,56,43,9.6,178.5,152.7,83.0,1.0,overripe
Siling Labuyo,1,254,54,26,7.0,254.9,240.0,87.0,0.8271,overripe
Siling Labuyo,1,239,72,5,2.8,255.0,236.6,83.0,0.7569,overripe
Siling Labuyo,1,227,53,26,10.5,206.9,240.0,81.0,0.9619,overripe
Siling Labuyo,1,246,35,29,8.3,172.8,147.2,86.0,0.9012,overripe
Siling Labuyo,1,248,82,19,5.4,255.0,192.5,88.0,0.8312,overripe
Siling Labuyo,1,213,63,24,13.7,255.0,144.7,87.0,0.906,overripe
Siling Labuyo,1,204,60,45,0.3,230.4,165.7,88.0,0.9176,overripe
Siling Labuyo,1,231,12,36,4.7,185.6,157.9,86.0,0.9375,overripe
Siling Labuyo,1,229,23,20,0.9,208.5,233.4,90.0,0.8418,overripe
Siling Labuyo,1,230,45,14,11.5,205.2,176.1,83.0,0.9272,overripe
Siling Labuyo,1,208,39,26,10.5,219.9,227.4,90.0,0.9318,overripe
Siling Labuyo,1,219,24,27,5.0,253.5,211.1,84.0,0.8742,overripe
Siling Labuyo,1,232,38,34,10.1,236.4,240.0,85.0,0.9201,overripe
Siling Labuyo,1,235,64,24,5.9,177.7,138.2,84.0,1.0,overripe
Siling Labuyo,1,255,55,35,11.3,251.3,234.1,87.0,0.9443,overripe
Siling Labuyo,1,211,13,49,6.8,219.4,230.1,84.0,0.9696,overripe
Siling Labuyo,1,237,36,38,6.2,230.6,155.9,85.0,0.8832,overripe
Siling Labuyo,1,240,32,29,14.0,254.0,225.2,83.0,0.8671,overripe
Siling Labuyo,1,247,44,28,3.8,176.7,201.8,86.0,0.7232,overripe
Siling Labuyo,1,214,37,26,1.8,208.9,182.0,88.0,0.9034,overripe
Siling Labuyo,1,232,32,41,8.8,194.1,161.2,85.0,1.0,overripe
Siling Labuyo,1,238,13,23,14.5,163.0,164.8,87.0,0.8541,overripe
Siling Labuyo,1,238,30,30,5.7,220.4,240.0,90.0,0.9423,overripe
Siling Labuyo,1,216,36,30,0.9,255.0,190.0,90.0,0.8992,overripe
Siling Labuyo,1,222,0,24,5.1,154.8,217.4,81.0,0.944,overripe
Siling Labuyo,1,201,71,16,7.6,209.0,162.3,85.0,0.9676,overripe
Siling Labuyo,1,226,71,33,2.4,229.2,162.7,88.0,0.8247,overripe
Siling Labuyo,1,227,34,29,9.9,213.7,227.9,87.0,0.8036,overripe
Siling Labuyo,1,225,39,35,15.0,206.6,142.8,83.0,0.944,overripe
Siling Labuyo,1,255,16,24,6.8,171.0,175.5,88.0,1.0,overripe
Siling Labuyo,1,205,84,42,5.3,217.0,191.2,87.0,0.8795,overripe
Siling Labuyo,1,208,89,21,6.0,187.3,193.9,85.0,0.8572,overripe
Siling Demonyo,2,99,131,18,70.1,234.2,245.0,68.0,0.1047,immature_green
Siling Demonyo,2,111,139,31,111.2,193.8,224.1,68.0,0.1365,immature_green
Siling Demonyo,2,90,157,36,60.8,254.1,225.9,68.0,0.1627,immature_green
Siling Demonyo,2,63,174,45,90.7,255.0,157.5,64.0,0.1098,immature_green
Siling Demonyo,2,99,122,38,106.2,255.0,165.5,64.0,0.1168,immature_green
Siling Demonyo,2,83,124,37,116.1,191.9,114.8,65.0,0.2333,immature_green
Siling Demonyo,2,84,146,30,114.6,226.1,175.7,66.0,0.2736,immature_green
Siling Demonyo,2,58,187,33,109.2,167.9,228.7,66.0,0.0,immature_green
Siling Demonyo,2,110,109,42,113.3,233.8,215.5,62.0,0.084,immature_green
Siling Demonyo,2,81,163,16,72.0,206.3,193.4,63.0,0.0768,immature_green
Siling Demonyo,2,45,182,26,77.1,255.0,199.3,69.0,0.0,immature_green
Siling Demonyo,2,73,181,22,77.3,200.6,179.3,70.0,0.0429,immature_green
Siling Demonyo,2,61,185,33,82.6,177.8,206.1,71.0,0.0482,immature_green
Siling Demonyo,2,86,160,42,83.6,208.2,223.0,62.0,0.2342,immature_green
Siling Demonyo,2,89,151,24,92.7,170.6,151.5,66.0,0.0838,immature_green
Siling Demonyo,2,76,110,6,69.6,238.8,209.0,74.0,0.2253,immature_green
Siling Demonyo,2,84,172,25,101.5,168.4,228.0,65.0,0.109,immature_green
Siling Demonyo,2,86,188,39,70.1,220.7,187.5,73.0,0.0564,immature_green
Siling Demonyo,2,87,198,35,78.6,168.1,221.0,64.0,0.077,immature_green
Siling Demonyo,2,63,185,34,90.2,212.0,245.0,71.0,0.0278,immature_green
Siling Demonyo,2,60,186,27,107.8,255.0,196.9,71.0,0.0,immature_green
Siling Demonyo,2,46,180,17,104.4,229.0,211.8,73.0,0.0117,immature_green
Siling Demonyo,2,77,148,35,98.7,198.4,177.9,68.0,0.1102,immature_green
Siling Demonyo,2,80,166,21,69.3,219.2,205.4,65.0,0.0944,immature_green
Siling Demonyo,2,98,197,51,92.8,220.5,213.8,70.0,0.2453,immature_green
Siling Demonyo,2,60,147,35,65.2,231.8,205.8,66.0,0.0513,immature_green
Siling Demonyo,2,93,179,24,82.6,185.8,169.4,68.0,0.194,immature_green
Siling Demonyo,2,98,139,23,84.8,234.8,206.2,69.0,0.2225,immature_green
Siling Demonyo,2,61,188,29,62.4,152.4,243.9,70.0,0.147,immature_green
Siling Demonyo,2,83,139,27,76.4,204.3,213.5,74.0,0.0984,immature_green
Siling Demonyo,2,53,187,41,117.3,207.8,228.9,66.0,0.1037,immature_green
Siling Demonyo,2,99,129,31,117.2,235.8,192.9,70.0,0.0928,immature_green
Siling Demonyo,2,55,149,22,81.1,220.6,222.5,66.0,0.0,immature_green
Siling Demonyo,2,61,173,48,62.6,184.9,208.4,59.0,0.0447,immature_green
Siling Demonyo,2,73,189,30,70.7,195.4,171.5,67.0,0.1404,immature_green
Siling Demonyo,2,71,151,37,83.5,225.0,209.6,65.0,0.0,immature_green
Siling Demonyo,2,61,143,23,116.9,218.0,170.2,65.0,0.0,immature_green
Siling Demonyo,2,84,148,33,68.5,205.5,181.0,71.0,0.2301,immature_green
Siling Demonyo,2,70,173,33,105.8,208.0,205.7,68.0,0.0452,immature_green
Siling Demonyo,2,113,167,11,66.5,237.4,208.9,71.0,0.0933,immature_green
Siling Demonyo,2,67,194,50,118.9,207.1,164.3,71.0,0.0,immature_green
Siling Demonyo,2,78,176,42,82.9,217.8,231.6,65.0,0.0,immature_green
Siling Demonyo,2,80,183,26,106.5,255.0,217.2,71.0,0.234,immature_green
Siling Demonyo,2,70,177,18,80.6,184.4,178.9,66.0,0.01,immature_green
Siling Demonyo,2,80,142,33,97.7,173.7,153.9,71.0,0.235,immature_green
Siling Demonyo,2,62,127,30,71.5,239.6,195.7,64.0,0.0,immature_green
Siling Demonyo,2,52,171,33,68.8,203.0,186.6,69.0,0.0,immature_green
Siling Demonyo,2,120,137,31,116.3,212.0,203.4,65.0,0.1713,immature_green
Siling Demonyo,2,85,189,35,115.1,200.5,189.1,66.0,0.0464,immature_green
Siling Demonyo,2,102,157,44,113.2,213.5,139.8,70.0,0.1826,immature_green
Siling Demonyo,2,171,64,31,55.9,211.5,226.4,76.0,0.513,developing
Siling Demonyo,2,156,100,35,50.4,232.5,200.0,73.0,0.5619,developing
Siling Demonyo,2,127,148,35,47.8,186.1,211.9,73.0,0.2937,developing
Siling Demonyo,2,124,124,38,68.7,225.6,171.3,78.0,0.3487,developing
Siling Demonyo,2,123,147,33,52.8,233.8,182.3,73.0,0.5432,developing
Siling Demonyo,2,102,162,24,64.5,237.0,186.2,75.0,0.2771,developing
Siling Demonyo,2,159,99,38,35.6,171.6,225.7,77.0,0.36,developing
Siling Demonyo,2,124,107,16,52.8,201.0,245.0,76.0,0.4547,developing
Siling Demonyo,2,93,138,20,64.7,198.0,175.8,78.0,0.296,developing
Siling Demonyo,2,114,104,20,53.3,222.5,232.3,74.0,0.3406,developing
Siling Demonyo,2,133,87,40,58.7,232.0,134.9,77.0,0.4494,developing
Siling Demonyo,2,117,111,39,44.9,255.0,164.2,79.0,0.2095,developing
Siling Demonyo,2,99,101,34,33.7,207.6,171.2,75.0,0.2849,developing
Siling Demonyo,2,96,133,40,48.3,207.6,159.4,73.0,0.2412,developing
Siling Demonyo,2,110,120,21,45.8,248.7,152.5,72.0,0.2414,developing
Siling Demonyo,2,146,83,33,64.7,227.4,212.4,76.0,0.2533,developing
Siling Demonyo,2,118,123,28,39.8,251.7,193.6,75.0,0.4821,developing
Siling Demonyo,2,125,119,38,68.7,227.2,211.4,77.0,0.5066,developing
Siling Demonyo,2,108,136,28,68.3,191.1,220.7,74.0,0.3083,developing
Siling Demonyo,2,140,115,26,39.9,186.7,208.0,72.0,0.4679,developing
Siling Demonyo,2,126,134,35,43.9,181.2,219.7,71.0,0.4216,developing
Siling Demonyo,2,116,140,38,65.8,236.6,197.9,74.0,0.4484,developing
Siling Demonyo,2,113,142,23,68.7,249.7,164.4,75.0,0.2087,developing
Siling Demonyo,2,122,89,29,47.7,255.0,231.7,75.0,0.4923,developing
Siling Demonyo,2,150,116,19,42.8,241.1,182.3,78.0,0.3663,developing
Siling Demonyo,2,133,147,5,51.0,249.1,171.9,75.0,0.3608,developing
Siling Demonyo,2,126,107,32,57.5,205.5,194.7,76.0,0.3859,developing
Siling Demonyo,2,130,175,36,40.9,191.1,172.6,76.0,0.3444,developing
Siling Demonyo,2,112,111,32,59.5,241.3,187.5,79.0,0.3887,developing
Siling Demonyo,2,153,117,10,32.1,230.4,210.3,74.0,0.4611,developing
Siling Demonyo,2,130,109,26,32.0,222.7,210.5,69.0,0.421,developing
Siling Demonyo,2,144,109,7,45.5,229.7,173.1,77.0,0.6269,developing
Siling Demonyo,2,132,84,43,44.1,228.1,185.4,72.0,0.3839,developing
Siling Demonyo,2,120,117,19,42.6,252.1,232.2,78.0,0.2863,developing
Siling Demonyo,2,158,91,42,49.6,252.4,214.9,80.0,0.4578,developing
Siling Demonyo,2,96,138,39,42.8,233.6,245.0,71.0,0.2445,developing
Siling Demonyo,2,110,147,20,37.7,241.1,235.4,73.0,0.435,developing
Siling Demonyo,2,136,142,18,42.4,232.9,234.3,72.0,0.3197,developing
Siling Demonyo,2,115,78,33,69.0,208.5,158.4,81.0,0.324,developing
Siling Demonyo,2,153,154,21,46.4,238.9,222.9,77.0,0.4172,developing
Siling Demonyo,2,152,130,31,47.8,185.1,198.4,75.0,0.4141,developing
Siling Demonyo,2,134,97,25,53.1,246.3,183.5,76.0,0.439,developing
Siling Demonyo,2,141,124,12,69.3,190.1,205.0,74.0,0.3556,developing
Siling Demonyo,2,103,133,7,39.7,227.1,228.4,73.0,0.4354,developing
Siling Demonyo,2,152,98,32,57.3,198.9,215.0,78.0,0.4011,developing
Siling Demonyo,2,118,137,24,58.6,233.8,173.6,72.0,0.3117,developing
Siling Demonyo,2,122,121,24,54.3,219.2,222.3,72.0,0.3452,developing
Siling Demonyo,2,118,115,36,33.5,180.1,180.9,75.0,0.2782,developing
Siling Demonyo,2,91,118,41,57.1,230.5,206.5,71.0,0.344,developing
Siling Demonyo,2,112,113,27,32.6,205.6,190.9,79.0,0.189,developing
Siling Demonyo,2,161,64,35,13.7,194.3,223.7,83.0,0.4767,mature
Siling Demonyo,2,189,53,31,33.6,210.7,229.1,77.0,0.7088,mature
Siling Demonyo,2,190,58,41,6.5,236.1,209.8,80.0,0.6884,mature
Siling Demonyo,2,196,37,53,9.5,243.2,158.3,82.0,0.8379,mature
Siling Demonyo,2,166,57,38,21.1,207.6,194.1,85.0,0.7082,mature
Siling Demonyo,2,225,71,39,22.3,191.2,231.8,87.0,0.7916,mature
Siling Demonyo,2,144,129,31,24.4,226.7,198.5,78.0,0.5809,mature
Siling Demonyo,2,181,79,28,5.5,199.4,215.1,79.0,0.5485,mature
Siling Demonyo,2,146,107,25,33.8,207.0,190.4,83.0,0.5409,mature
Siling Demonyo,2,222,14,21,6.3,253.1,169.1,86.0,0.8499,mature
Siling Demonyo,2,184,97,23,9.3,240.7,196.3,85.0,0.698,mature
Siling Demonyo,2,201,50,16,5.4,223.9,209.3,85.0,0.7865,mature
Siling Demonyo,2,178,75,29,22.0,188.2,180.3,79.0,0.7546,mature
Siling Demonyo,2,167,88,13,33.0,225.3,192.9,82.0,0.5789,mature
Siling Demonyo,2,147,118,31,25.0,246.6,171.8,76.0,0.6077,mature
Siling Demonyo,2,163,72,29,29.7,210.6,233.6,81.0,0.6105,mature
Siling Demonyo,2,191,95,31,5.4,253.8,191.2,87.0,0.5821,mature
Siling Demonyo,2,176,87,24,21.3,252.3,243.6,86.0,0.5848,mature
Siling Demonyo,2,151,100,60,18.8,255.0,245.0,82.0,0.4425,mature
Siling Demonyo,2,190,55,43,20.0,227.6,197.6,81.0,0.8127,mature
Siling Demonyo,2,220,37,17,7.2,234.7,169.7,85.0,0.8091,mature
Siling Demonyo,2,171,86,32,25.5,255.0,137.4,86.0,0.7719,mature
Siling Demonyo,2,136,85,23,20.1,231.2,155.8,78.0,0.6161,mature
Siling Demonyo,2,162,109,19,28.0,207.5,158.8,79.0,0.4182,mature
Siling Demonyo,2,192,70,16,19.6,208.8,241.4,82.0,0.73,mature
Siling Demonyo,2,220,77,34,9.5,226.0,203.5,82.0,0.8201,mature
Siling Demonyo,2,142,115,23,24.4,187.7,211.7,82.0,0.6517,mature
Siling Demonyo,2,112,75,39,10.2,216.4,133.4,86.0,0.5205,mature
Siling Demonyo,2,203,80,39,31.2,247.4,164.1,81.0,0.6816,mature
Siling Demonyo,2,193,48,43,23.4,165.2,226.6,80.0,0.7647,mature
Siling Demonyo,2,127,114,21,9.7,255.0,208.6,80.0,0.4329,mature
Siling Demonyo,2,174,84,34,33.9,248.1,195.6,84.0,0.6917,mature
Siling Demonyo,2,210,50,36,20.6,208.5,216.9,85.0,0.5927,mature
Siling Demonyo,2,168,87,25,7.2,233.6,245.0,78.0,0.6249,mature
Siling Demonyo,2,209,55,22,23.8,220.1,193.4,86.0,0.8108,mature
Siling Demonyo,2,191,47,46,12.6,250.7,202.1,86.0,0.7428,mature
Siling Demonyo,2,143,110,32,29.1,244.6,205.8,80.0,0.6237,mature
Siling Demonyo,2,207,42,36,29.5,185.0,245.0,81.0,0.8306,mature
Siling Demonyo,2,171,67,21,34.4,234.7,137.0,85.0,0.6512,mature
Siling Demonyo,2,192,65,17,20.1,214.9,220.5,88.0,0.776,mature
Siling Demonyo,2,178,93,24,18.6,222.1,196.6,84.0,0.6955,mature
Siling Demonyo,2,210,55,28,27.6,201.8,217.0,86.0,0.8648,mature
Siling Demonyo,2,204,80,19,9.0,255.0,180.3,83.0,0.8413,mature
Siling Demonyo,2,136,111,29,21.4,246.0,198.5,80.0,0.5578,mature
Siling Demonyo,2,216,12,13,21.4,201.5,221.3,81.0,0.7328,mature
Siling Demonyo,2,172,51,18,7.7,186.6,245.0,85.0,0.792,mature
Siling Demonyo,2,169,52,36,17.5,210.4,224.2,82.0,0.8057,mature
Siling Demonyo,2,173,104,36,30.6,230.9,174.6,84.0,0.6141,mature
Siling Demonyo,2,208,10,26,30.7,226.0,187.3,83.0,0.7403,mature
Siling Demonyo,2,202,111,19,8.0,251.3,186.4,83.0,0.758,mature
Siling Demonyo,2,255,26,31,1.2,230.8,194.7,95.0,0.9708,overripe
Siling Demonyo,2,201,63,29,13.2,238.5,219.7,83.0,0.9194,overripe
Siling Demonyo,2,208,21,24,1.2,255.0,228.9,93.0,0.9253,overripe
Siling Demonyo,2,246,4,32,10.6,163.8,199.4,91.0,1.0,overripe
Siling Demonyo,2,222,36,34,13.8,235.2,176.9,87.0,0.8701,overripe
Siling Demonyo,2,249,35,12,4.1,206.1,146.8,83.0,0.9154,overripe
Siling Demonyo,2,249,31,24,5.6,205.3,179.4,91.0,0.9046,overripe
Siling Demonyo,2,243,46,27,8.5,204.5,181.5,88.0,0.9443,overripe
Siling Demonyo,2,212,60,32,13.2,197.3,203.2,92.0,0.9125,overripe
Siling Demonyo,2,233,44,41,14.1,255.0,189.6,90.0,0.9628,overripe
Siling Demonyo,2,242,64,22,11.1,241.1,220.6,90.0,0.9301,overripe
Siling Demonyo,2,244,60,25,1.3,220.6,181.6,92.0,0.7339,overripe
Siling Demonyo,2,194,26,24,10.0,253.8,198.3,92.0,0.8212,overripe
Siling Demonyo,2,237,74,21,6.2,182.2,235.5,89.0,0.8992,overripe
Siling Demonyo,2,233,25,26,7.1,186.7,210.3,93.0,0.8695,overripe
Siling Demonyo,2,249,50,37,0.7,165.6,198.2,91.0,0.9842,overripe
Siling Demonyo,2,223,73,19,2.9,202.5,181.9,91.0,1.0,overripe
Siling Demonyo,2,216,47,34,11.9,224.0,181.0,86.0,1.0,overripe
Siling Demonyo,2,229,18,12,6.8,222.6,174.5,95.0,0.9769,overripe
Siling Demonyo,2,244,16,24,4.5,223.7,183.8,89.0,0.9942,overripe
Siling Demonyo,2,253,57,26,5.8,184.7,222.7,91.0,1.0,overripe
Siling Demonyo,2,220,43,46,12.8,240.1,193.3,95.0,0.8469,overripe
Siling Demonyo,2,217,42,27,11.2,226.0,159.5,86.0,0.8856,overripe
Siling Demonyo,2,191,65,7,4.1,238.3,245.0,90.0,0.6986,overripe
Siling Demonyo,2,240,53,10,1.8,172.7,209.6,84.0,1.0,overripe
Siling Demonyo,2,232,46,30,3.8,227.8,157.8,91.0,1.0,overripe
Siling Demonyo,2,202,45,36,13.8,190.3,186.7,94.0,0.8385,overripe
Siling Demonyo,2,216,36,33,8.7,210.1,203.3,93.0,0.9011,overripe
Siling Demonyo,2,215,62,31,8.0,233.4,245.0,94.0,0.8549,overripe
Siling Demonyo,2,204,51,41,8.9,222.3,166.8,92.0,0.9512,overripe
Siling Demonyo,2,216,34,24,5.5,198.7,229.3,91.0,1.0,overripe
Siling Demonyo,2,196,73,38,12.1,220.2,242.0,83.0,0.7467,overripe
Siling Demonyo,2,227,32,13,7.8,181.7,181.1,92.0,0.9887,overripe
Siling Demonyo,2,221,19,20,1.8,248.8,191.7,91.0,0.9404,overripe
Siling Demonyo,2,198,29,11,1.9,214.9,168.9,92.0,0.9117,overripe
Siling Demonyo,2,244,31,27,8.1,248.0,193.9,95.0,0.8855,overripe
Siling Demonyo,2,252,30,29,14.0,206.8,198.9,91.0,0.9519,overripe
Siling Demonyo,2,227,55,31,4.6,206.9,219.8,89.0,0.9871,overripe
Siling Demonyo,2,223,30,30,13.0,200.9,232.7,89.0,0.8732,overripe
Siling Demonyo,2,227,48,20,11.5,241.9,177.6,91.0,0.9567,overripe
Siling Demonyo,2,235,35,28,3.7,202.3,141.0,87.0,0.9027,overripe
Siling Demonyo,2,216,34,15,0.5,236.1,199.4,84.0,0.9498,overripe
Siling Demonyo,2,233,18,43,1.5,210.4,208.8,94.0,0.797,overripe
Siling Demonyo,2,214,40,26,10.9,170.6,207.5,90.0,0.8807,overripe
Siling Demonyo,2,211,32,25,3.0,205.7,190.2,88.0,1.0,overripe
Siling Demonyo,2,238,50,45,5.6,190.5,203.7,88.0,0.9363,overripe
Siling Demonyo,2,242,48,17,7.5,220.8,245.0,91.0,0.9475,overripe
Siling Demonyo,2,255,19,18,10.9,190.2,211.5,91.0,1.0,overripe
Siling Demonyo,2,210,61,19,1.7,243.1,188.8,90.0,0.9966,overripe
Siling Demonyo,2,223,56,29,6.1,217.7,185.0,95.0,0.8565,overripe
